benchmark,tbranch,best_baseline,best_baseline_is,best_defer,best_ours,best_ours_is,bqcp,fast_t0,fast_t0_exit,fast_t0_size,fast_t1,fast_t1_exit,fast_t1_size,fast_t2,fast_t2_exit,fast_t2_size,fast_t3,fast_t3_exit,fast_t3_size,fast_t4,fast_t4_exit,fast_t4_size,fast_t5,fast_t5_exit,fast_t5_size,fast_t6,fast_t6_exit,fast_t6_size,gain,m,m0,qiskit_o3,sink_fast_t0,sink_fast_t0_exit,sink_fast_t0_size,sink_fast_t1,sink_fast_t1_exit,sink_fast_t1_size,sink_fast_t2,sink_fast_t2_exit,sink_fast_t2_size,sink_fast_t3,sink_fast_t3_exit,sink_fast_t3_size,sink_fast_t4,sink_fast_t4_exit,sink_fast_t4_size,sink_fast_t5,sink_fast_t5_exit,sink_fast_t5_size,sink_fast_t6,sink_fast_t6_exit,sink_fast_t6_size,sink_moved,sink_only,source
dynamarq/cnot_ladder4,0.0,1235.9999999999998,best_defer,1235.9999999999998,2459.9999999999995,sink_fast_t0,2511.9999999999995,2511.9999999999995,0.8749999999999998,1,2511.9999999999995,0.4999999999999997,4,2511.9999999999995,0.12499999999999989,7,2511.9999999999995,-0.0,8,,,,,,,,,,-0.9902912621359223,3,2511.9999999999995,2608.0000000000005,2459.9999999999995,0.8749999999999998,3,2459.9999999999995,0.7499999999999998,17,2459.9999999999995,0.6249999999999998,45,2459.9999999999995,0.37499999999999983,76,,,,,,,,,,3,2459.9999999999995,2511.9999999999995
dynamarq/cnot_ladder4,200.0,1235.9999999999998,best_defer,1235.9999999999998,2711.999999999999,fast_t3,2711.999999999999,3176.999999999999,0.8749999999999998,1,2983.999999999999,0.4999999999999997,4,2778.999999999999,0.12499999999999989,7,2711.999999999999,-0.0,8,,,,,,,,,,-1.194174757281553,3,2983.999999999999,3076.000000000001,3222.999999999999,0.8749999999999998,3,3197.999999999999,0.7499999999999998,17,3172.999999999999,0.6249999999999998,45,3122.999999999999,0.37499999999999983,76,,,,,,,,,,3,3047.999999999999,2983.999999999999
dynamarq/cnot_ladder4,1000.0,1235.9999999999998,best_defer,1235.9999999999998,3511.9999999999995,fast_t3,4311.999999999999,6076.999999999998,0.8749999999999998,1,4983.999999999998,0.4999999999999997,4,3878.999999999999,0.12499999999999989,7,3511.9999999999995,-0.0,8,,,,,,,,,,-1.8414239482200652,3,5383.999999999998,5476.000000000002,6322.999999999998,0.8749999999999998,3,6197.999999999998,0.7499999999999998,17,6072.999999999998,0.6249999999999998,45,5822.999999999998,0.37499999999999983,76,,,,,,,,,,3,5447.999999999998,5383.999999999998
dynamarq/fanout4,0.0,1375.9999999999998,best_defer,1375.9999999999998,2555.9999999999995,sink_fast_t0,2519.9999999999995,2619.9999999999995,0.9374999999999999,1,2619.9999999999995,0.6874999999999999,5,2619.9999999999995,0.31249999999999994,11,2619.9999999999995,0.062499999999999986,15,2619.9999999999995,-0.0,16,,,,,,,-0.8575581395348837,4,2594.9999999999995,2680.0,2555.9999999999995,0.9374999999999999,3,2555.9999999999995,0.7499999999999999,13,2555.9999999999995,0.4999999999999999,27,2555.9999999999995,0.24999999999999994,38,2555.9999999999995,0.062499999999999986,43,,,,,,,3,2555.9999999999995,2594.9999999999995
dynamarq/fanout4,200.0,1375.9999999999998,best_defer,1375.9999999999998,2819.9999999999995,fast_t4,2719.9999999999995,3354.4999999999995,0.9374999999999999,1,3214.4999999999995,0.6874999999999999,5,2999.4999999999995,0.31249999999999994,11,2855.4999999999995,0.062499999999999986,15,2819.9999999999995,-0.0,16,,,,,,,-1.0494186046511629,4,3151.999999999999,3048.0000000000005,3307.4999999999995,0.9374999999999999,3,3269.9999999999995,0.7499999999999999,13,3219.9999999999995,0.4999999999999999,27,3169.999999999999,0.24999999999999994,38,3132.499999999999,0.062499999999999986,43,,,,,,,3,3119.999999999999,3151.999999999999
dynamarq/fanout4,1000.0,1375.9999999999998,best_defer,1375.9999999999998,3619.9999999999995,fast_t4,4316.0,6404.499999999999,0.9374999999999999,1,5664.499999999998,0.6874999999999999,5,4549.499999999999,0.31249999999999994,11,3805.4999999999995,0.062499999999999986,15,3619.9999999999995,-0.0,16,,,,,,,-1.6308139534883723,4,5551.999999999999,5448.0,6457.499999999998,0.9374999999999999,3,6269.999999999998,0.7499999999999999,13,6019.999999999999,0.4999999999999999,27,5769.999999999999,0.24999999999999994,38,5582.499999999999,0.062499999999999986,43,,,,,,,3,5519.999999999999,5551.999999999999
dynamarq/five_qubit_code,0.0,3761.999999999999,best_defer,3761.999999999999,4471.999999999999,sink_fast_t0,4977.999999999999,5141.999999999999,0.9999999999999998,2,5145.999999999999,0.8124999999999999,11,5151.999999999999,0.4999999999999999,27,5151.999999999999,0.0625,41,5151.999999999999,-0.0,47,5151.999999999999,-0.0,48,,,,-0.18872939925571508,5,5113.999999999999,5788.000000000005,4471.999999999999,0.9999999999999998,2,4471.999999999999,0.9374999999999998,15,4473.999999999999,0.8124999999999999,57,4473.999999999999,0.6874999999999999,145,4473.999999999999,0.4999999999999999,272,4473.999999999999,0.3125,398,,,,20,4471.999999999999,5113.999999999999
dynamarq/five_qubit_code,200.0,6485.999999999999,best_defer,6485.999999999999,5458.999999999998,sink_fast_t5,8429.999999999998,8609.999999999998,0.9999999999999998,2,7849.499999999998,0.8124999999999999,11,6689.999999999999,0.4999999999999999,27,5753.499999999999,0.0625,41,5551.999999999999,-0.0,47,5551.999999999999,-0.0,48,,,,0.1583410422448352,5,8565.999999999998,9238.000000000007,8265.999999999998,0.9999999999999998,2,7744.999999999998,0.9374999999999998,15,6916.999999999998,0.8124999999999999,57,6276.999999999999,0.6874999999999999,145,5827.999999999999,0.4999999999999999,272,5458.999999999998,0.3125,398,,,,20,8165.999999999998,8565.999999999998
dynamarq/five_qubit_code,1000.0,18485.999999999996,best_defer,18485.999999999996,7151.999999999998,fast_t4,24429.999999999996,24709.999999999996,0.9999999999999998,2,20399.499999999996,0.8124999999999999,11,13789.999999999998,0.4999999999999999,27,8303.5,0.0625,41,7151.999999999998,-0.0,47,7151.999999999998,-0.0,48,,,,0.6131126257708537,5,24565.999999999996,25238.00000000002,23865.999999999996,0.9999999999999998,2,21244.999999999996,0.9374999999999998,15,17017.0,0.8124999999999999,57,13776.999999999998,0.6874999999999999,145,11427.999999999998,0.4999999999999999,272,9558.999999999998,0.3125,398,,,,20,23365.999999999996,24565.999999999996
dynamarq/five_qubit_code_noisy,0.0,3762.0000000001887,best_defer,3762.0000000001887,4462.171760000054,sink_fast_t0,5112.361959999545,5138.771469999594,0.9502971874999402,2,5140.409509999626,0.7386887499999769,11,5146.409509999663,0.5000000000000171,27,5150.409509999688,0.18749999999999875,41,5151.999999999694,0.04970281249999893,47,5151.999999999694,-0.0,48,,,,-0.18611689526842903,5,5112.361959999545,5786.361960000313,4462.171760000054,0.9502971874999402,2,4462.171760000054,0.9374999999999426,15,4463.7622500000625,0.7386887499999769,57,4463.7622500000625,0.6874999999999849,145,4463.7622500000625,0.5000000000000171,272,4463.7622500000625,0.31250000000000405,398,,,,20,4462.171760000054,5112.361959999545
dynamarq/five_qubit_code_noisy,200.0,6485.999999999868,best_defer,6485.999999999868,5467.943230000265,sink_fast_t5,8564.361960000344,8572.178312499744,0.9502971874999402,2,7794.536879999581,0.7386887499999769,11,6686.409509999646,0.5000000000000171,27,5838.909509999773,0.18749999999999875,41,5586.593157499849,0.04970281249999893,47,5551.999999999854,-0.0,48,,,,0.15696219087259072,5,8564.361960000344,9236.36195999954,8173.318294999914,0.9502971874999402,2,7753.723920000134,0.9374999999999426,15,6787.549260000045,0.7386887499999769,57,6289.171760000204,0.6874999999999849,145,5838.17176000019,0.5000000000000171,272,5467.943230000265,0.31250000000000405,398,,,,20,8164.361959999688,8564.361960000344
dynamarq/five_qubit_code_noisy,1000.0,18485.99999999918,best_defer,18485.99999999918,7151.99999999965,fast_t5,24564.36195999887,24473.367062499863,0.9502971874999402,2,20049.29187999965,0.7386887499999769,11,13786.409509999574,0.5000000000000171,27,8888.909509999727,0.18749999999999875,41,7385.404407499676,0.04970281249999893,47,7151.99999999965,-0.0,48,,,,0.6131126257708553,5,24564.36195999887,25236.361960001683,23375.695795000167,0.9502971874999402,2,21253.723919999957,0.9374999999999426,15,16297.059260000544,0.7386887499999769,57,13789.171760000663,0.6874999999999849,145,11438.17176000089,0.5000000000000171,272,9567.94323000067,0.31250000000000405,398,,,,20,23364.361960001457,24564.36195999887
dynamarq/ghz5,0.0,1239.9999999999998,best_defer,1239.9999999999998,2397.9999999999995,fast_t0,2397.9999999999995,2397.9999999999995,0.9374999999999997,1,2397.9999999999995,0.6874999999999998,5,2397.9999999999995,0.3124999999999999,11,2397.9999999999995,0.06249999999999992,15,2397.9999999999995,-0.0,16,,,,,,,-0.9338709677419355,4,2397.9999999999995,2462.0000000000005,2397.9999999999995,0.9374999999999997,4,2397.9999999999995,0.8749999999999997,24,2397.9999999999995,0.8124999999999998,87,2397.9999999999995,0.6874999999999999,228,2397.9999999999995,0.5624999999999999,453,,,,,,,4,2397.9999999999995,2397.9999999999995
dynamarq/ghz5,200.0,1239.9999999999998,best_defer,1239.9999999999998,2597.9999999999995,fast_t4,3183.999999999999,3333.999999999999,0.9374999999999997,1,3141.999999999999,0.6874999999999998,5,2841.999999999999,0.3124999999999999,11,2647.9999999999995,0.06249999999999992,15,2597.9999999999995,-0.0,16,,,,,,,-1.0951612903225807,4,3183.999999999999,3248.0000000000005,3371.499999999999,0.9374999999999997,4,3358.999999999999,0.8749999999999997,24,3346.499999999999,0.8124999999999998,87,3321.499999999999,0.6874999999999999,228,3296.499999999999,0.5624999999999999,453,,,,,,,4,3183.999999999999,3183.999999999999
dynamarq/ghz5,1000.0,1239.9999999999998,best_defer,1239.9999999999998,3397.999999999999,fast_t4,6383.999999999998,7133.999999999998,0.9374999999999997,1,6141.999999999998,0.6874999999999998,5,4641.999999999999,0.3124999999999999,11,3647.9999999999986,0.06249999999999992,15,3397.999999999999,-0.0,16,,,,,,,-1.7403225806451608,4,6383.999999999998,6448.000000000001,7321.499999999999,0.9374999999999997,4,7258.999999999998,0.8749999999999997,24,7196.499999999998,0.8124999999999998,87,7071.499999999998,0.6874999999999999,228,6946.499999999998,0.5624999999999999,453,,,,,,,4,6383.999999999998,6383.999999999998
dynamarq/ipe3,0.0,4060.0,bqcp,5860.0,5860.0,fast_t0,4060.0,5860.0,-0.0,2,5860.0,-0.0,6,5860.0,-0.0,9,5860.0,-0.0,10,,,,,,,,,,-0.4433497536945813,3,5860.0,6508.0,5860.0,-0.0,2,5860.0,-0.0,6,5860.0,-0.0,9,5860.0,-0.0,10,,,,,,,,,,0,5860.0,5860.0
dynamarq/ipe3,200.0,4060.0,bqcp,5860.0,5860.0,fast_t0,4060.0,5860.0,-0.0,2,5860.0,-0.0,6,5860.0,-0.0,9,5860.0,-0.0,10,,,,,,,,,,-0.4433497536945813,3,5860.0,6508.0,5860.0,-0.0,2,5860.0,-0.0,6,5860.0,-0.0,9,5860.0,-0.0,10,,,,,,,,,,0,5860.0,5960.0
dynamarq/ipe3,1000.0,4060.0,bqcp,6100.0,6828.0,sink_only,4060.0,6860.0,-0.0,2,6860.0,-0.0,6,6860.0,-0.0,9,6860.0,-0.0,10,,,,,,,,,,-0.6817733990147783,3,6828.0,9888.0,6860.0,-0.0,2,6860.0,-0.0,6,6860.0,-0.0,9,6860.0,-0.0,10,,,,,,,,,,0,6828.0,9696.0
dynamarq/long_range_cnot3,0.0,931.9999999999998,bqcp,1135.9999999999998,2423.9999999999995,sink_fast_t0,931.9999999999998,2447.9999999999995,0.8749999999999998,1,2447.9999999999995,0.49999999999999983,4,2447.9999999999995,0.1249999999999998,7,2447.9999999999995,-0.0,8,,,,,,,,,,-1.6008583690987126,3,2447.9999999999995,2552.0,2423.9999999999995,0.8749999999999998,2,2423.9999999999995,0.49999999999999983,7,2423.9999999999995,0.1249999999999998,11,2423.9999999999995,-0.0,12,,,,,,,,,,2,2423.9999999999995,2447.9999999999995
dynamarq/long_range_cnot3,200.0,931.9999999999998,bqcp,1135.9999999999998,2647.9999999999995,fast_t3,931.9999999999998,2997.9999999999995,0.8749999999999998,1,2847.9999999999995,0.49999999999999983,4,2697.9999999999995,0.1249999999999998,7,2647.9999999999995,-0.0,8,,,,,,,,,,-1.8412017167381975,3,2847.9999999999995,2848.0,2990.9999999999995,0.8749999999999998,2,2915.9999999999995,0.49999999999999983,7,2840.9999999999995,0.1249999999999998,11,2815.9999999999995,-0.0,12,,,,,,,,,,2,2815.9999999999995,2847.9999999999995
dynamarq/long_range_cnot3,1000.0,931.9999999999998,bqcp,1135.9999999999998,3447.9999999999995,fast_t3,931.9999999999998,5197.999999999999,0.8749999999999998,1,4447.999999999999,0.49999999999999983,4,3697.999999999999,0.1249999999999998,7,3447.9999999999995,-0.0,8,,,,,,,,,,-2.6995708154506444,3,4447.999999999999,4448.0,5290.999999999999,0.8749999999999998,2,4915.999999999999,0.49999999999999983,7,4540.999999999999,0.1249999999999998,11,4415.999999999999,-0.0,12,,,,,,,,,,2,4415.999999999999,4447.999999999999
dynamarq/repetition3_0,0.0,832.0,bqcp,2492.0,2572.0,fast_t0,832.0,2572.0,-0.0,1,2572.0,-0.0,3,2572.0,-0.0,4,,,,,,,,,,,,,-2.0913461538461537,2,2572.0,2572.0,2572.0,-0.0,3,2572.0,-0.0,15,2572.0,-0.0,37,,,,,,,,,,,,,2,2572.0,2572.0
dynamarq/repetition3_0,200.0,832.0,bqcp,2492.0,2772.0,fast_t0,832.0,2772.0,-0.0,1,2772.0,-0.0,3,2772.0,-0.0,4,,,,,,,,,,,,,-2.331730769230769,2,3172.0,3172.0,3172.0,-0.0,3,3172.0,-0.0,15,3172.0,-0.0,37,,,,,,,,,,,,,2,3172.0,3172.0
dynamarq/repetition3_0,1000.0,832.0,bqcp,2492.0,3572.0,fast_t0,832.0,3572.0,-0.0,1,3572.0,-0.0,3,3572.0,-0.0,4,,,,,,,,,,,,,-3.293269230769231,2,5572.0,5572.0,5572.0,-0.0,3,5572.0,-0.0,15,5572.0,-0.0,37,,,,,,,,,,,,,2,5572.0,5572.0
dynamarq/repetition3_0_noisy,0.0,2492.0,best_defer,2492.0,2576.5600000000004,fast_t0,2508.5599999999995,2576.5600000000004,0.14250000000000004,1,2576.5600000000004,0.04750000000000002,3,2576.5600000000004,-0.0,4,,,,,,,,,,,,,-0.033932584269663085,2,2576.5600000000004,2576.56,2576.5600000000004,0.14250000000000004,3,2576.5600000000004,0.14250000000000004,15,2576.5600000000004,0.14250000000000004,37,,,,,,,,,,,,,2,2576.5600000000004,2576.5600000000004
dynamarq/repetition3_0_noisy,200.0,2492.0,best_defer,2492.0,2776.5599999999995,fast_t2,3105.52,2859.02,0.14250000000000004,1,2805.06,0.04750000000000002,3,2776.5599999999995,-0.0,4,,,,,,,,,,,,,-0.11418940609951825,2,3173.5199999999995,3173.5199999999995,3202.02,0.14250000000000004,3,3202.02,0.14250000000000004,15,3202.02,0.14250000000000004,37,,,,,,,,,,,,,2,3173.5199999999995,3173.5199999999995
dynamarq/repetition3_0_noisy,1000.0,2492.0,best_defer,2492.0,3576.56,fast_t2,5505.5199999999995,4001.02,0.14250000000000004,1,3719.06,0.04750000000000002,3,3576.56,-0.0,4,,,,,,,,,,,,,-0.4352166934189406,2,5573.5199999999995,5573.5199999999995,5716.0199999999995,0.14250000000000004,3,5716.0199999999995,0.14250000000000004,15,5716.0199999999995,0.14250000000000004,37,,,,,,,,,,,,,2,5573.5199999999995,5573.5199999999995
dynamarq/repetition3_1,0.0,540.0,bqcp,2660.0,2572.0,sink_fast_t0,540.0,2740.0,-0.0,1,2740.0,-0.0,3,2740.0,-0.0,4,,,,,,,,,,,,,-3.762962962962963,2,2740.0,2868.0,2572.0,-0.0,2,2572.0,-0.0,8,2572.0,-0.0,15,,,,,,,,,,,,,3,2572.0,2740.0
dynamarq/repetition3_1,200.0,540.0,bqcp,2660.0,2940.0,fast_t0,540.0,2940.0,-0.0,1,2940.0,-0.0,3,2940.0,-0.0,4,,,,,,,,,,,,,-4.444444444444445,2,3340.0,3468.0,2972.0,-0.0,2,2972.0,-0.0,8,2972.0,-0.0,15,,,,,,,,,,,,,3,3172.0,3340.0
dynamarq/repetition3_1,1000.0,540.0,bqcp,2660.0,3740.0,fast_t0,540.0,3740.0,-0.0,1,3740.0,-0.0,3,3740.0,-0.0,4,,,,,,,,,,,,,-5.925925925925926,2,5740.0,5868.0,4572.0,-0.0,2,4572.0,-0.0,8,4572.0,-0.0,15,,,,,,,,,,,,,3,5572.0,5740.0
dynamarq/repetition3_1_noisy,0.0,2660.0,best_defer,2660.0,2576.56,sink_fast_t0,2743.04,2743.04,0.14250000000000004,1,2743.04,0.047500000000000014,3,2743.04,-0.0,4,,,,,,,,,,,,,0.0313684210526316,2,2743.04,2871.0399999999986,2576.56,0.14250000000000004,2,2576.56,0.14250000000000004,8,2576.56,0.047500000000000014,15,,,,,,,,,,,,,3,2576.56,2743.04
dynamarq/repetition3_1_noisy,200.0,2660.0,best_defer,2660.0,2943.04,fast_t2,3341.52,3027.0199999999995,0.14250000000000004,1,2971.54,0.047500000000000014,3,2943.04,-0.0,4,,,,,,,,,,,,,-0.10640601503759398,2,3341.52,3469.5199999999995,3030.52,0.14250000000000004,2,3030.52,0.14250000000000004,8,2994.04,0.047500000000000014,15,,,,,,,,,,,,,3,3173.5199999999995,3341.52
dynamarq/repetition3_1_noisy,1000.0,2660.0,best_defer,2660.0,3743.04,fast_t2,5741.519999999999,4169.02,0.14250000000000004,1,3885.54,0.047500000000000014,3,3743.04,-0.0,4,,,,,,,,,,,,,-0.4071578947368421,2,5741.519999999999,5869.5199999999995,4858.52,0.14250000000000004,2,4858.52,0.14250000000000004,8,4670.04,0.047500000000000014,15,,,,,,,,,,,,,3,5573.52,5741.519999999999
dynamarq/repetition5_0,0.0,832.0,bqcp,2844.0,2844.0,fast_t0,832.0,2844.0,-0.0,1,2844.0,-0.0,5,2844.0,-0.0,11,2844.0,-0.0,15,2844.0,-0.0,16,,,,,,,-2.418269230769231,4,2844.0,2844.0,2844.0,-0.0,4,2844.0,-0.0,44,2844.0,-0.0,264,2844.0,-0.0,1104,2844.0,-0.0,3490,,,,,,,10,2844.0,2844.0
dynamarq/repetition5_0,200.0,832.0,bqcp,5844.0,3044.0,fast_t0,832.0,3044.0,-0.0,1,3044.0,-0.0,5,3044.0,-0.0,11,3044.0,-0.0,15,3044.0,-0.0,16,,,,,,,-2.6586538461538463,4,5844.0,5844.0,3644.0,-0.0,4,3644.0,-0.0,44,3644.0,-0.0,264,3644.0,-0.0,1104,3644.0,-0.0,3490,,,,,,,10,5844.0,5844.0
dynamarq/repetition5_0,1000.0,832.0,bqcp,17844.0,3844.0,fast_t0,832.0,3844.0,-0.0,1,3844.0,-0.0,5,3844.0,-0.0,11,3844.0,-0.0,15,3844.0,-0.0,16,,,,,,,-3.6201923076923075,4,17844.0,17844.0,6844.0,-0.0,4,6844.0,-0.0,44,6844.0,-0.0,264,6844.0,-0.0,1104,6844.0,-0.0,3490,,,,,,,10,17844.0,17844.0
dynamarq/repetition5_0_noisy,0.0,2783.2390000000005,bqcp,2851.2390000000014,2851.2390000000014,fast_t0,2783.2390000000005,2851.2390000000014,0.2262187500000002,1,2851.2390000000014,0.1402437500000001,5,2851.2390000000014,0.01128125000000001,11,2851.2390000000014,0.002256250000000002,15,2851.2390000000014,-0.0,16,,,,,,,-0.02443196577800214,4,2851.2390000000014,2851.2390000000005,2851.2390000000014,0.2262187500000002,4,2851.2390000000014,0.2262187500000002,44,2851.2390000000014,0.2262187500000002,264,2851.2390000000014,0.2262187500000002,1104,2851.2390000000014,0.1402437500000001,3490,,,,,,,10,2851.2390000000014,2851.2390000000014
dynamarq/repetition5_0_noisy,200.0,5776.072200000002,bqcp,5844.072200000003,3051.2389999999987,fast_t4,5776.072200000002,3722.7284500000023,0.2262187500000002,1,3467.4824500000013,0.1402437500000001,5,3084.72175,0.01128125000000001,11,3057.9355499999992,0.002256250000000002,15,3051.2389999999987,-0.0,16,,,,,,,0.47174500346446546,4,5844.072200000003,5844.072200000005,4186.9972000000025,0.2262187500000002,4,4049.4372000000017,0.2262187500000002,44,3808.707200000001,0.2262187500000002,264,3777.072200000001,0.2262187500000002,1104,3704.6822,0.1402437500000001,3490,,,,,,,10,5844.072200000003,5844.072200000003
dynamarq/repetition5_0_noisy,1000.0,17776.0722,bqcp,17844.072199999995,3851.2389999999996,fast_t4,17776.0722,7237.353450000001,0.2262187500000002,1,5950.40745,0.1402437500000001,5,4020.0967499999992,0.01128125000000001,11,3885.0105499999995,0.002256250000000002,15,3851.2389999999996,-0.0,16,,,,,,,0.7833470208339951,4,17844.072199999995,17844.07219999999,9558.6972,0.2262187500000002,4,8870.897200000001,0.2262187500000002,44,7667.247200000001,0.2262187500000002,264,7509.0722000000005,0.2262187500000002,1104,7147.1222,0.1402437500000001,3490,,,,,,,10,17844.072199999995,17844.072199999995
dynamarq/repetition5_1,0.0,948.0,bqcp,3148.0,2844.0,sink_fast_t0,948.0,3148.0,-0.0,1,3148.0,-0.0,5,3148.0,-0.0,11,3148.0,-0.0,15,3148.0,-0.0,16,,,,,,,-2.0,4,3148.0,3276.0,2844.0,-0.0,4,2844.0,-0.0,44,2844.0,-0.0,264,2844.0,-0.0,1104,2844.0,-0.0,3490,,,,,,,15,2844.0,3148.0
dynamarq/repetition5_1,200.0,948.0,bqcp,6148.0,3348.0,fast_t0,948.0,3348.0,-0.0,1,3348.0,-0.0,5,3348.0,-0.0,11,3348.0,-0.0,15,3348.0,-0.0,16,,,,,,,-2.5316455696202533,4,6148.0,6276.0,3644.0,-0.0,4,3644.0,-0.0,44,3644.0,-0.0,264,3644.0,-0.0,1104,3644.0,-0.0,3490,,,,,,,15,5844.0,6148.0
dynamarq/repetition5_1,1000.0,948.0,bqcp,18148.0,4148.0,fast_t0,948.0,4148.0,-0.0,1,4148.0,-0.0,5,4148.0,-0.0,11,4148.0,-0.0,15,4148.0,-0.0,16,,,,,,,-3.3755274261603376,4,18148.0,18276.0,6844.0,-0.0,4,6844.0,-0.0,44,6844.0,-0.0,264,6844.0,-0.0,1104,6844.0,-0.0,3490,,,,,,,15,17844.0,18148.0
dynamarq/repetition5_1_noisy,0.0,3151.1122,source,3151.1122,2851.239000000003,sink_fast_t0,3151.1122,3151.1122,0.22621875000000022,1,3151.1122,0.1402437500000001,5,3151.1122,0.011281250000000008,11,3151.1122,0.0022562500000000013,15,3151.1122,-0.0,16,,,,,,,0.09516424074014147,4,3151.1122,3279.112200000001,2851.239000000003,0.22621875000000022,4,2851.239000000003,0.22621875000000022,44,2851.239000000003,0.22621875000000022,264,2851.239000000003,0.22621875000000022,1104,2851.239000000003,0.1402437500000001,3490,,,,,,,15,2851.239000000003,3151.1122
dynamarq/repetition5_1_noisy,200.0,6148.0722000000005,source,6148.0722000000005,3351.112199999998,fast_t4,6148.0722000000005,4026.7284500000037,0.22621875000000022,1,3770.106850000003,0.1402437500000001,5,3384.6671500000007,0.011281250000000008,11,3357.808749999999,0.0022562500000000013,15,3351.112199999998,-0.0,16,,,,,,,0.4549328487066242,4,6148.0722000000005,6276.072199999997,4186.9972000000025,0.22621875000000022,4,4049.437200000004,0.22621875000000022,44,3808.707200000002,0.22621875000000022,264,3777.0722,0.22621875000000022,1104,3704.6822,0.1402437500000001,3490,,,,,,,15,5844.072200000004,6148.0722000000005
dynamarq/repetition5_1_noisy,1000.0,18148.072200000017,source,18148.072200000017,4151.112199999999,fast_t4,18148.072200000017,7541.353449999997,0.22621875000000022,1,6253.031849999996,0.1402437500000001,5,4320.042149999999,0.011281250000000008,11,4184.883749999999,0.0022562500000000013,15,4151.112199999999,-0.0,16,,,,,,,0.7712642888868386,4,18148.072200000017,18276.072200000002,9558.6972,0.22621875000000022,4,8870.897200000001,0.22621875000000022,44,7667.247200000001,0.22621875000000022,264,7509.072200000001,0.22621875000000022,1104,7147.122199999999,0.1402437500000001,3490,,,,,,,15,17844.07219999999,18148.072200000017
hand/decode_reset,0.0,1064.0,bqcp,2772.0,2772.0,fast_t0,1064.0,2772.0,-0.0,1,2772.0,-0.0,3,2772.0,-0.0,4,,,,,,,,,,,,,-1.605263157894737,2,2772.0,2772.0,2772.0,-0.0,1,2772.0,-0.0,3,2772.0,-0.0,4,,,,,,,,,,,,,0,2772.0,2772.0
hand/decode_reset,200.0,1400.0,bqcp,3172.0,3172.0,fast_t0,1400.0,3172.0,-0.0,1,3172.0,-0.0,3,3172.0,-0.0,4,,,,,,,,,,,,,-1.2657142857142858,2,3172.0,3372.0,3172.0,-0.0,1,3172.0,-0.0,3,3172.0,-0.0,4,,,,,,,,,,,,,0,3172.0,3372.0
hand/decode_reset,1000.0,3000.0,bqcp,5572.0,5572.0,fast_t0,3000.0,5572.0,-0.0,1,5572.0,-0.0,3,5572.0,-0.0,4,,,,,,,,,,,,,-0.8573333333333333,2,5572.0,5772.0,5572.0,-0.0,1,5572.0,-0.0,3,5572.0,-0.0,4,,,,,,,,,,,,,0,5572.0,5772.0
hand/mbqc_chain4,0.0,1603.9999999999995,best_defer,1603.9999999999995,5324.0,sink_fast_t0,,5356.0,0.8749999999999998,3,5356.0,0.7499999999999998,11,5356.0,0.4999999999999997,22,5356.0,0.2499999999999995,32,5356.0,0.12499999999999939,37,5356.0,-0.0,38,,,,-2.31920199501247,5,5356.0,5611.999999999999,5324.0,0.8749999999999998,3,5324.0,0.7499999999999998,11,5324.0,0.4999999999999997,22,5324.0,0.2499999999999995,32,5324.0,0.12499999999999939,37,5324.0,-0.0,38,,,,2,5324.0,5356.0
hand/mbqc_chain4,200.0,1603.9999999999995,best_defer,1603.9999999999995,5924.0,sink_fast_t5,,6293.999999999999,0.8749999999999998,3,6243.999999999999,0.7499999999999998,11,6152.0,0.4999999999999997,22,6052.0,0.2499999999999995,32,6006.0,0.12499999999999939,37,5956.0,-0.0,38,,,,-2.6932668329177063,5,6140.0,6396.0,6261.999999999999,0.8749999999999998,3,6211.999999999999,0.7499999999999998,11,6120.0,0.4999999999999997,22,6020.0,0.2499999999999995,32,5974.0,0.12499999999999939,37,5924.0,-0.0,38,,,,2,6108.0,6140.0
hand/mbqc_chain4,1000.0,1603.9999999999995,best_defer,1603.9999999999995,8324.0,sink_fast_t5,,10093.999999999998,0.8749999999999998,3,9844.0,0.7499999999999998,11,9351.999999999998,0.4999999999999997,22,8851.999999999998,0.2499999999999995,32,8605.999999999998,0.12499999999999939,37,8355.999999999998,-0.0,38,,,,-4.189526184538654,5,9340.000000000002,9595.999999999998,10062.0,0.8749999999999998,3,9812.0,0.7499999999999998,11,9319.999999999998,0.4999999999999997,22,8819.999999999998,0.2499999999999995,32,8573.999999999996,0.12499999999999939,37,8324.0,-0.0,38,,,,2,9308.0,9340.000000000002
hand/repetition3,0.0,64.0,bqcp,1772.0,1772.0,fast_t0,64.0,1772.0,-0.0,1,1772.0,-0.0,3,1772.0,-0.0,4,,,,,,,,,,,,,-26.6875,2,1772.0,1772.0,1772.0,-0.0,1,1772.0,-0.0,3,1772.0,-0.0,4,,,,,,,,,,,,,2,1772.0,1772.0
hand/repetition3,200.0,64.0,bqcp,2040.0,1972.0,fast_t0,64.0,1972.0,-0.0,1,1972.0,-0.0,3,1972.0,-0.0,4,,,,,,,,,,,,,-29.8125,2,2372.0,2372.0,1972.0,-0.0,1,1972.0,-0.0,3,1972.0,-0.0,4,,,,,,,,,,,,,2,2372.0,2372.0
hand/repetition3,1000.0,64.0,bqcp,2524.0,2772.0,fast_t0,64.0,2772.0,-0.0,1,2772.0,-0.0,3,2772.0,-0.0,4,,,,,,,,,,,,,-42.3125,2,4772.0,4772.0,2772.0,-0.0,1,2772.0,-0.0,3,2772.0,-0.0,4,,,,,,,,,,,,,2,4772.0,4772.0
hand/teleportation,0.0,1104.0,best_defer,1104.0,1616.0,sink_only,1516.0,1632.0,0.75,1,1632.0,0.24999999999999972,3,1632.0,-0.0,4,,,,,,,,,,,,,-0.463768115942029,2,1616.0,1744.0,1632.0,0.75,1,1632.0,0.24999999999999972,3,1632.0,-0.0,4,,,,,,,,,,,,,0,1616.0,1616.0
hand/teleportation,200.0,1104.0,best_defer,1104.0,1832.0,fast_t2,1716.0,2124.0,0.75,1,1932.0,0.24999999999999972,3,1832.0,-0.0,4,,,,,,,,,,,,,-0.6594202898550725,2,1984.0,2048.0,2124.0,0.75,1,1932.0,0.24999999999999972,3,1832.0,-0.0,4,,,,,,,,,,,,,0,1984.0,1984.0
hand/teleportation,1000.0,1104.0,best_defer,1104.0,2632.0,fast_t2,2516.0,4124.0,0.75,1,3131.999999999999,0.24999999999999972,3,2632.0,-0.0,4,,,,,,,,,,,,,-1.3840579710144927,2,3584.0,3648.0,4124.0,0.75,1,3131.999999999999,0.24999999999999972,3,2632.0,-0.0,4,,,,,,,,,,,,,0,3584.0,3584.0
jeff/ghz-linear_3,0.0,968.0,source,968.0,968.0,fast_t0,968.0,968.0,-0.0,0,,,,,,,,,,,,,,,,,,,0.0,0,968.0,1032.0,968.0,-0.0,0,,,,,,,,,,,,,,,,,,,0,968.0,968.0
jeff/ghz-linear_3,200.0,968.0,source,968.0,968.0,fast_t0,968.0,968.0,-0.0,0,,,,,,,,,,,,,,,,,,,0.0,0,968.0,1032.0,968.0,-0.0,0,,,,,,,,,,,,,,,,,,,0,968.0,968.0
jeff/ghz-linear_3,1000.0,968.0,source,968.0,968.0,fast_t0,968.0,968.0,-0.0,0,,,,,,,,,,,,,,,,,,,0.0,0,968.0,1032.0,968.0,-0.0,0,,,,,,,,,,,,,,,,,,,0,968.0,968.0
jeff/ghz-linear_5,0.0,1104.0,source,1104.0,1104.0,fast_t0,1104.0,1104.0,-0.0,0,,,,,,,,,,,,,,,,,,,0.0,0,1104.0,1168.0,1104.0,-0.0,0,,,,,,,,,,,,,,,,,,,0,1104.0,1104.0
jeff/ghz-linear_5,200.0,1104.0,source,1104.0,1104.0,fast_t0,1104.0,1104.0,-0.0,0,,,,,,,,,,,,,,,,,,,0.0,0,1104.0,1168.0,1104.0,-0.0,0,,,,,,,,,,,,,,,,,,,0,1104.0,1104.0
jeff/ghz-linear_5,1000.0,1104.0,source,1104.0,1104.0,fast_t0,1104.0,1104.0,-0.0,0,,,,,,,,,,,,,,,,,,,0.0,0,1104.0,1168.0,1104.0,-0.0,0,,,,,,,,,,,,,,,,,,,0,1104.0,1104.0
jeff/ghz-linear_7,0.0,1240.0,source,1240.0,1240.0,fast_t0,1240.0,1240.0,-0.0,0,,,,,,,,,,,,,,,,,,,0.0,0,1240.0,1304.0,1240.0,-0.0,0,,,,,,,,,,,,,,,,,,,0,1240.0,1240.0
jeff/ghz-linear_7,200.0,1240.0,source,1240.0,1240.0,fast_t0,1240.0,1240.0,-0.0,0,,,,,,,,,,,,,,,,,,,0.0,0,1240.0,1304.0,1240.0,-0.0,0,,,,,,,,,,,,,,,,,,,0,1240.0,1240.0
jeff/ghz-linear_7,1000.0,1240.0,source,1240.0,1240.0,fast_t0,1240.0,1240.0,-0.0,0,,,,,,,,,,,,,,,,,,,0.0,0,1240.0,1304.0,1240.0,-0.0,0,,,,,,,,,,,,,,,,,,,0,1240.0,1240.0
jeff/ghz-star_3,0.0,968.0,source,968.0,968.0,fast_t0,968.0,968.0,-0.0,0,,,,,,,,,,,,,,,,,,,0.0,0,968.0,1032.0,968.0,-0.0,0,,,,,,,,,,,,,,,,,,,0,968.0,968.0
jeff/ghz-star_3,200.0,968.0,source,968.0,968.0,fast_t0,968.0,968.0,-0.0,0,,,,,,,,,,,,,,,,,,,0.0,0,968.0,1032.0,968.0,-0.0,0,,,,,,,,,,,,,,,,,,,0,968.0,968.0
jeff/ghz-star_3,1000.0,968.0,source,968.0,968.0,fast_t0,968.0,968.0,-0.0,0,,,,,,,,,,,,,,,,,,,0.0,0,968.0,1032.0,968.0,-0.0,0,,,,,,,,,,,,,,,,,,,0,968.0,968.0
jeff/ghz-star_5,0.0,1104.0,source,1104.0,1104.0,fast_t0,1104.0,1104.0,-0.0,0,,,,,,,,,,,,,,,,,,,0.0,0,1104.0,1168.0,1104.0,-0.0,0,,,,,,,,,,,,,,,,,,,0,1104.0,1104.0
jeff/ghz-star_5,200.0,1104.0,source,1104.0,1104.0,fast_t0,1104.0,1104.0,-0.0,0,,,,,,,,,,,,,,,,,,,0.0,0,1104.0,1168.0,1104.0,-0.0,0,,,,,,,,,,,,,,,,,,,0,1104.0,1104.0
jeff/ghz-star_5,1000.0,1104.0,source,1104.0,1104.0,fast_t0,1104.0,1104.0,-0.0,0,,,,,,,,,,,,,,,,,,,0.0,0,1104.0,1168.0,1104.0,-0.0,0,,,,,,,,,,,,,,,,,,,0,1104.0,1104.0
jeff/ghz-star_7,0.0,1240.0,source,1240.0,1240.0,fast_t0,1240.0,1240.0,-0.0,0,,,,,,,,,,,,,,,,,,,0.0,0,1240.0,1304.0,1240.0,-0.0,0,,,,,,,,,,,,,,,,,,,0,1240.0,1240.0
jeff/ghz-star_7,200.0,1240.0,source,1240.0,1240.0,fast_t0,1240.0,1240.0,-0.0,0,,,,,,,,,,,,,,,,,,,0.0,0,1240.0,1304.0,1240.0,-0.0,0,,,,,,,,,,,,,,,,,,,0,1240.0,1240.0
jeff/ghz-star_7,1000.0,1240.0,source,1240.0,1240.0,fast_t0,1240.0,1240.0,-0.0,0,,,,,,,,,,,,,,,,,,,0.0,0,1240.0,1304.0,1240.0,-0.0,0,,,,,,,,,,,,,,,,,,,0,1240.0,1240.0
jeff/grover_3,0.0,1064.0,bqcp,1096.0,1096.0,fast_t0,1064.0,1096.0,-0.0,0,,,,,,,,,,,,,,,,,,,-0.03007518796992481,0,1096.0,1224.0,1096.0,-0.0,0,,,,,,,,,,,,,,,,,,,0,1096.0,1096.0
jeff/grover_3,200.0,1064.0,bqcp,1096.0,1096.0,fast_t0,1064.0,1096.0,-0.0,0,,,,,,,,,,,,,,,,,,,-0.03007518796992481,0,1096.0,1224.0,1096.0,-0.0,0,,,,,,,,,,,,,,,,,,,0,1096.0,1096.0
jeff/grover_3,1000.0,1064.0,bqcp,1096.0,1096.0,fast_t0,1064.0,1096.0,-0.0,0,,,,,,,,,,,,,,,,,,,-0.03007518796992481,0,1096.0,1224.0,1096.0,-0.0,0,,,,,,,,,,,,,,,,,,,0,1096.0,1096.0
jeff/iqft_3,0.0,5496.0,bqcp,5544.0,5544.0,fast_t0,5496.0,5544.0,0.7499999999999998,2,5544.0,0.4999999999999999,6,5544.0,0.24999999999999983,9,5544.0,-0.0,10,,,,,,,,,,-0.008733624454148471,3,5544.0,5736.0,5544.0,0.7499999999999998,2,5544.0,0.4999999999999999,6,5544.0,0.24999999999999983,9,5544.0,-0.0,10,,,,,,,,,,0,5544.0,5544.0
jeff/iqft_3,200.0,5496.0,bqcp,5544.0,5544.0,fast_t3,5496.0,5594.0,0.7499999999999998,2,5636.0,0.4999999999999999,6,5594.0,0.24999999999999983,9,5544.0,-0.0,10,,,,,,,,,,-0.008733624454148471,3,5544.0,5736.0,5594.0,0.7499999999999998,2,5636.0,0.4999999999999999,6,5594.0,0.24999999999999983,9,5544.0,-0.0,10,,,,,,,,,,0,5544.0,5544.0
jeff/iqft_3,1000.0,5496.0,bqcp,5784.0,6744.0,fast_t3,5496.0,8235.999999999998,0.7499999999999998,2,7736.0,0.4999999999999999,6,7244.0,0.24999999999999983,9,6744.0,-0.0,10,,,,,,,,,,-0.22707423580786026,3,7727.999999999999,7919.999999999999,8235.999999999998,0.7499999999999998,2,7736.0,0.4999999999999999,6,7244.0,0.24999999999999983,9,6744.0,-0.0,10,,,,,,,,,,0,7727.999999999999,7727.999999999999
jeff/iqft_5,0.0,9159.999999999996,bqcp,9319.999999999996,9319.999999999996,fast_t0,9159.999999999996,9319.999999999996,0.9374999999999998,4,9319.999999999996,0.8749999999999998,24,9319.999999999996,0.8124999999999998,87,9319.999999999996,0.6874999999999998,228,9319.999999999996,0.5624999999999998,453,9319.999999999996,0.4374999999999998,711,9319.999999999996,0.3125,922,-0.01746724890829695,10,9319.999999999996,9640.000000000002,9319.999999999996,0.9374999999999998,4,9319.999999999996,0.8749999999999998,24,9319.999999999996,0.8124999999999998,87,9319.999999999996,0.6874999999999998,228,9319.999999999996,0.5624999999999998,453,9319.999999999996,0.4374999999999998,711,9319.999999999996,0.3125,922,0,9319.999999999996,9319.999999999996
jeff/iqft_5,200.0,9159.999999999996,bqcp,9559.999999999998,9497.499999999998,fast_t6,9159.999999999996,9891.499999999998,0.9374999999999998,4,9928.999999999998,0.8749999999999998,24,9882.499999999998,0.8124999999999998,87,9771.499999999998,0.6874999999999998,228,9683.499999999998,0.5624999999999998,453,9593.499999999998,0.4374999999999998,711,9497.499999999998,0.3125,922,-0.036844978165939075,10,9839.999999999998,10160.000000000004,9891.499999999998,0.9374999999999998,4,9928.999999999998,0.8749999999999998,24,9882.499999999998,0.8124999999999998,87,9771.499999999998,0.6874999999999998,228,9683.499999999998,0.5624999999999998,453,9593.499999999998,0.4374999999999998,711,9497.499999999998,0.3125,922,0,9839.999999999998,9839.999999999998
jeff/iqft_5,1000.0,9159.999999999996,bqcp,9851.999999999998,12959.999999999996,fast_t6,9159.999999999996,17895.999999999996,0.9374999999999998,4,17153.999999999996,0.8749999999999998,24,16419.999999999996,0.8124999999999998,87,15183.999999999996,0.6874999999999998,228,14445.999999999995,0.5624999999999998,453,13705.999999999995,0.4374999999999998,711,12959.999999999996,0.3125,922,-0.4148471615720526,10,17623.999999999996,17944.0,17895.999999999996,0.9374999999999998,4,17153.999999999996,0.8749999999999998,24,16419.999999999996,0.8124999999999998,87,15183.999999999996,0.6874999999999998,228,14445.999999999995,0.5624999999999998,453,13705.999999999995,0.4374999999999998,711,12959.999999999996,0.3125,922,0,17623.999999999996,17623.999999999996
jeff/iqft_7,0.0,12823.999999999995,bqcp,13159.999999999993,13159.999999999993,fast_t0,12823.999999999995,13159.999999999993,0.9843749999999993,6,13159.999999999993,0.9687499999999993,62,13159.999999999993,0.9531249999999993,440,13159.999999999993,0.9218749999999993,2366,13159.999999999993,0.14062499999999972,4096,13159.999999999993,0.015624999999999691,4096,13159.999999999993,-0.0,4096,-0.026200873362445285,21,13159.999999999993,13608.000000000011,13159.999999999993,0.9843749999999993,6,13159.999999999993,0.9687499999999993,62,13159.999999999993,0.9531249999999993,440,13159.999999999993,0.9218749999999993,2366,13159.999999999993,0.14062499999999972,4096,13159.999999999993,0.015624999999999691,4096,13159.999999999993,-0.0,4096,0,13159.999999999993,13159.999999999993
jeff/iqft_7,200.0,12823.999999999995,bqcp,13639.999999999993,14642.62499999999,fast_t4,12823.999999999995,14949.12499999999,0.9843749999999993,6,14970.74999999999,0.9687499999999993,62,14896.37499999999,0.9531249999999993,440,14754.12499999999,0.9218749999999993,2366,14642.62499999999,0.14062499999999972,4096,14692.62499999999,0.015624999999999691,4096,14676.99999999999,-0.0,4096,-0.14181417654397982,21,14935.99999999999,15384.000000000011,14949.12499999999,0.9843749999999993,6,14970.74999999999,0.9687499999999993,62,14896.37499999999,0.9531249999999993,440,14754.12499999999,0.9218749999999993,2366,14642.62499999999,0.14062499999999972,4096,14692.62499999999,0.015624999999999691,4096,14676.99999999999,-0.0,4096,0,14935.99999999999,14935.99999999999
jeff/iqft_7,1000.0,12823.999999999995,bqcp,14139.999999999993,28294.749999999985,fast_t3,12823.999999999995,31619.24999999998,0.9843749999999993,6,30726.99999999998,0.9687499999999993,62,29830.74999999998,0.9531249999999993,440,28294.749999999985,0.9218749999999993,2366,28650.249999999985,0.14062499999999972,4096,29137.749999999985,0.015624999999999691,4096,29043.999999999985,-0.0,4096,-1.2063903618215843,21,31519.99999999998,31968.000000000022,31619.24999999998,0.9843749999999993,6,30726.99999999998,0.9687499999999993,62,29830.74999999998,0.9531249999999993,440,28294.749999999985,0.9218749999999993,2366,28650.249999999985,0.14062499999999972,4096,29137.749999999985,0.015624999999999691,4096,29043.999999999985,-0.0,4096,0,31519.99999999998,31519.99999999998
jeff/iqpe_3,0.0,5844.0,source,5844.0,5844.0,fast_t0,5844.0,5844.0,0.9267766952966368,2,5844.0,0.49999999999999967,6,5844.0,0.07322330470336247,9,5844.0,-0.0,10,,,,,,,,,,0.0,3,5844.0,6496.0,5844.0,0.9267766952966368,2,5844.0,0.49999999999999967,6,5844.0,0.07322330470336247,9,5844.0,-0.0,10,,,,,,,,,,0,5844.0,5844.0
jeff/iqpe_3,200.0,5844.0,source,5844.0,5844.0,fast_t3,5844.0,5886.677669529664,0.9267766952966368,2,5880.343145750508,0.49999999999999967,6,5851.322330470336,0.07322330470336247,9,5844.0,-0.0,10,,,,,,,,,,0.0,3,5844.0,6496.0,5886.677669529664,0.9267766952966368,2,5880.343145750508,0.49999999999999967,6,5851.322330470336,0.07322330470336247,9,5844.0,-0.0,10,,,,,,,,,,0,5844.0,5844.0
jeff/iqpe_3,1000.0,6084.0,best_defer,6084.0,6844.0,fast_t3,7828.000000000001,8683.89653634378,0.9267766952966368,2,7830.343145750507,0.49999999999999967,6,6990.446609406725,0.07322330470336247,9,6844.0,-0.0,10,,,,,,,,,,-0.12491781722550953,3,7828.000000000001,8151.999999999999,8683.89653634378,0.9267766952966368,2,7830.343145750507,0.49999999999999967,6,6990.446609406725,0.07322330470336247,9,6844.0,-0.0,10,,,,,,,,,,0,7828.000000000001,7828.000000000001
jeff/iqpe_5,0.0,4352.0,bqcp,9820.0,9820.0,fast_t0,4352.0,9820.0,-0.0,4,9820.0,-0.0,24,9820.0,-0.0,87,9820.0,-0.0,228,9820.0,-0.0,453,9820.0,-0.0,711,9820.0,-0.0,922,-1.2564338235294117,10,9820.0,10500.0,9820.0,-0.0,4,9820.0,-0.0,24,9820.0,-0.0,87,9820.0,-0.0,228,9820.0,-0.0,453,9820.0,-0.0,711,9820.0,-0.0,922,0,9820.0,9820.0
jeff/iqpe_5,200.0,4352.0,bqcp,9960.0,9820.0,fast_t0,4352.0,9820.0,-0.0,4,9820.0,-0.0,24,9820.0,-0.0,87,9820.0,-0.0,228,9820.0,-0.0,453,9820.0,-0.0,711,9820.0,-0.0,922,-1.2564338235294117,10,10092.0,10572.0,9820.0,-0.0,4,9820.0,-0.0,24,9820.0,-0.0,87,9820.0,-0.0,228,9820.0,-0.0,453,9820.0,-0.0,711,9820.0,-0.0,922,0,10092.0,10092.0
jeff/iqpe_5,1000.0,4352.0,bqcp,10336.0,11820.0,fast_t0,4352.0,11820.0,-0.0,4,11820.0,-0.0,24,11820.0,-0.0,87,11820.0,-0.0,228,11820.0,-0.0,453,11820.0,-0.0,711,11820.0,-0.0,922,-1.7159926470588236,10,17660.0,17784.0,11820.0,-0.0,4,11820.0,-0.0,24,11820.0,-0.0,87,11820.0,-0.0,228,11820.0,-0.0,453,11820.0,-0.0,711,11820.0,-0.0,922,0,17660.0,17660.0
jeff/iqpe_7,0.0,4480.0,bqcp,13684.0,13684.0,fast_t0,4480.0,13684.0,-0.0,6,13684.0,-0.0,62,13684.0,-0.0,440,13684.0,-0.0,2366,13684.0,-0.0,4096,13684.0,-0.0,4096,13684.0,-0.0,4096,-2.054464285714286,21,13684.0,14484.0,13684.0,-0.0,6,13684.0,-0.0,62,13684.0,-0.0,440,13684.0,-0.0,2366,13684.0,-0.0,4096,13684.0,-0.0,4096,13684.0,-0.0,4096,0,13684.0,13684.0
jeff/iqpe_7,200.0,4480.0,bqcp,14128.0,13684.0,fast_t0,4480.0,13684.0,-0.0,6,13684.0,-0.0,62,13684.0,-0.0,440,13684.0,-0.0,2366,13684.0,-0.0,4096,13684.0,-0.0,4096,13684.0,-0.0,4096,-2.054464285714286,21,15124.0,15368.0,13684.0,-0.0,6,13684.0,-0.0,62,13684.0,-0.0,440,13684.0,-0.0,2366,13684.0,-0.0,4096,13684.0,-0.0,4096,13684.0,-0.0,4096,0,15124.0,15124.0
jeff/iqpe_7,1000.0,4480.0,bqcp,14644.0,16684.0,fast_t0,4480.0,16684.0,-0.0,6,16684.0,-0.0,62,16684.0,-0.0,440,16684.0,-0.0,2366,16684.0,-0.0,4096,16684.0,-0.0,4096,16684.0,-0.0,4096,-2.724107142857143,21,31524.0,31776.0,16684.0,-0.0,6,16684.0,-0.0,62,16684.0,-0.0,440,16684.0,-0.0,2366,16684.0,-0.0,4096,16684.0,-0.0,4096,16684.0,-0.0,4096,0,31524.0,31524.0
jeff/qft-adder-classical_3,0.0,960.0,bqcp,1400.0,1400.0,fast_t0,960.0,1400.0,-0.0,0,,,,,,,,,,,,,,,,,,,-0.4583333333333333,0,1400.0,1988.0,1400.0,-0.0,0,,,,,,,,,,,,,,,,,,,0,1400.0,1400.0
jeff/qft-adder-classical_3,200.0,960.0,bqcp,1400.0,1400.0,fast_t0,960.0,1400.0,-0.0,0,,,,,,,,,,,,,,,,,,,-0.4583333333333333,0,1400.0,1988.0,1400.0,-0.0,0,,,,,,,,,,,,,,,,,,,0,1400.0,1400.0
jeff/qft-adder-classical_3,1000.0,960.0,bqcp,1400.0,1400.0,fast_t0,960.0,1400.0,-0.0,0,,,,,,,,,,,,,,,,,,,-0.4583333333333333,0,1400.0,1988.0,1400.0,-0.0,0,,,,,,,,,,,,,,,,,,,0,1400.0,1400.0
jeff/qft-adder-classical_5,0.0,960.0,bqcp,2212.0,2212.0,fast_t0,960.0,2212.0,-0.0,0,,,,,,,,,,,,,,,,,,,-1.3041666666666667,0,2212.0,4252.0,2212.0,-0.0,0,,,,,,,,,,,,,,,,,,,0,2212.0,2212.0
jeff/qft-adder-classical_5,200.0,960.0,bqcp,2212.0,2212.0,fast_t0,960.0,2212.0,-0.0,0,,,,,,,,,,,,,,,,,,,-1.3041666666666667,0,2212.0,4252.0,2212.0,-0.0,0,,,,,,,,,,,,,,,,,,,0,2212.0,2212.0
jeff/qft-adder-classical_5,1000.0,960.0,bqcp,2212.0,2212.0,fast_t0,960.0,2212.0,-0.0,0,,,,,,,,,,,,,,,,,,,-1.3041666666666667,0,2212.0,4252.0,2212.0,-0.0,0,,,,,,,,,,,,,,,,,,,0,2212.0,2212.0
jeff/qft-adder-classical_7,0.0,960.0,bqcp,3296.0,3296.0,fast_t0,960.0,3296.0,-0.0,0,,,,,,,,,,,,,,,,,,,-2.433333333333333,0,3296.0,7316.0,3296.0,-0.0,0,,,,,,,,,,,,,,,,,,,0,3296.0,3296.0
jeff/qft-adder-classical_7,200.0,960.0,bqcp,3296.0,3296.0,fast_t0,960.0,3296.0,-0.0,0,,,,,,,,,,,,,,,,,,,-2.433333333333333,0,3296.0,7316.0,3296.0,-0.0,0,,,,,,,,,,,,,,,,,,,0,3296.0,3296.0
jeff/qft-adder-classical_7,1000.0,960.0,bqcp,3296.0,3296.0,fast_t0,960.0,3296.0,-0.0,0,,,,,,,,,,,,,,,,,,,-2.433333333333333,0,3296.0,7316.0,3296.0,-0.0,0,,,,,,,,,,,,,,,,,,,0,3296.0,3296.0
jeff/qft-adder-quantum_3,0.0,1503.9999999999998,bqcp,1607.9999999999998,1607.9999999999998,fast_t0,1503.9999999999998,1607.9999999999998,-0.0,0,,,,,,,,,,,,,,,,,,,-0.06914893617021278,0,1607.9999999999998,3048.0,1607.9999999999998,-0.0,0,,,,,,,,,,,,,,,,,,,0,1607.9999999999998,1607.9999999999998
jeff/qft-adder-quantum_3,200.0,1503.9999999999998,bqcp,1607.9999999999998,1607.9999999999998,fast_t0,1503.9999999999998,1607.9999999999998,-0.0,0,,,,,,,,,,,,,,,,,,,-0.06914893617021278,0,1607.9999999999998,3048.0,1607.9999999999998,-0.0,0,,,,,,,,,,,,,,,,,,,0,1607.9999999999998,1607.9999999999998
jeff/qft-adder-quantum_3,1000.0,1503.9999999999998,bqcp,1607.9999999999998,1607.9999999999998,fast_t0,1503.9999999999998,1607.9999999999998,-0.0,0,,,,,,,,,,,,,,,,,,,-0.06914893617021278,0,1607.9999999999998,3048.0,1607.9999999999998,-0.0,0,,,,,,,,,,,,,,,,,,,0,1607.9999999999998,1607.9999999999998
jeff/qft-adder-quantum_5,0.0,2315.999999999999,bqcp,2555.9999999999986,2555.9999999999986,fast_t0,2315.999999999999,2555.9999999999986,-0.0,0,,,,,,,,,,,,,,,,,,,-0.10362694300518119,0,2555.9999999999986,5712.0,2555.9999999999986,-0.0,0,,,,,,,,,,,,,,,,,,,0,2555.9999999999986,2555.9999999999986
jeff/qft-adder-quantum_5,200.0,2315.999999999999,bqcp,2555.9999999999986,2555.9999999999986,fast_t0,2315.999999999999,2555.9999999999986,-0.0,0,,,,,,,,,,,,,,,,,,,-0.10362694300518119,0,2555.9999999999986,5712.0,2555.9999999999986,-0.0,0,,,,,,,,,,,,,,,,,,,0,2555.9999999999986,2555.9999999999986
jeff/qft-adder-quantum_5,1000.0,2315.999999999999,bqcp,2555.9999999999986,2555.9999999999986,fast_t0,2315.999999999999,2555.9999999999986,-0.0,0,,,,,,,,,,,,,,,,,,,-0.10362694300518119,0,2555.9999999999986,5712.0,2555.9999999999986,-0.0,0,,,,,,,,,,,,,,,,,,,0,2555.9999999999986,2555.9999999999986
jeff/qft_3,0.0,832.0,bqcp,1068.0,1068.0,fast_t0,832.0,1068.0,-0.0,0,,,,,,,,,,,,,,,,,,,-0.28365384615384615,0,1068.0,1496.0,1068.0,-0.0,0,,,,,,,,,,,,,,,,,,,0,1068.0,1068.0
jeff/qft_3,200.0,832.0,bqcp,1068.0,1068.0,fast_t0,832.0,1068.0,-0.0,0,,,,,,,,,,,,,,,,,,,-0.28365384615384615,0,1068.0,1496.0,1068.0,-0.0,0,,,,,,,,,,,,,,,,,,,0,1068.0,1068.0
jeff/qft_3,1000.0,832.0,bqcp,1068.0,1068.0,fast_t0,832.0,1068.0,-0.0,0,,,,,,,,,,,,,,,,,,,-0.28365384615384615,0,1068.0,1496.0,1068.0,-0.0,0,,,,,,,,,,,,,,,,,,,0,1068.0,1068.0
jeff/qft_5,0.0,831.9999999999999,bqcp,1339.9999999999998,1339.9999999999998,fast_t0,831.9999999999999,1339.9999999999998,-0.0,0,,,,,,,,,,,,,,,,,,,-0.610576923076923,0,1339.9999999999998,2232.0000000000005,1339.9999999999998,-0.0,0,,,,,,,,,,,,,,,,,,,0,1339.9999999999998,1339.9999999999998
jeff/qft_5,200.0,831.9999999999999,bqcp,1339.9999999999998,1339.9999999999998,fast_t0,831.9999999999999,1339.9999999999998,-0.0,0,,,,,,,,,,,,,,,,,,,-0.610576923076923,0,1339.9999999999998,2232.0000000000005,1339.9999999999998,-0.0,0,,,,,,,,,,,,,,,,,,,0,1339.9999999999998,1339.9999999999998
jeff/qft_5,1000.0,831.9999999999999,bqcp,1339.9999999999998,1339.9999999999998,fast_t0,831.9999999999999,1339.9999999999998,-0.0,0,,,,,,,,,,,,,,,,,,,-0.610576923076923,0,1339.9999999999998,2232.0000000000005,1339.9999999999998,-0.0,0,,,,,,,,,,,,,,,,,,,0,1339.9999999999998,1339.9999999999998
jeff/qft_7,0.0,831.9999999999999,bqcp,1611.9999999999998,1611.9999999999998,fast_t0,831.9999999999999,1611.9999999999998,-0.0,0,,,,,,,,,,,,,,,,,,,-0.9375,0,1611.9999999999998,2967.9999999999977,1611.9999999999998,-0.0,0,,,,,,,,,,,,,,,,,,,0,1611.9999999999998,1611.9999999999998
jeff/qft_7,200.0,831.9999999999999,bqcp,1611.9999999999998,1611.9999999999998,fast_t0,831.9999999999999,1611.9999999999998,-0.0,0,,,,,,,,,,,,,,,,,,,-0.9375,0,1611.9999999999998,2967.9999999999977,1611.9999999999998,-0.0,0,,,,,,,,,,,,,,,,,,,0,1611.9999999999998,1611.9999999999998
jeff/qft_7,1000.0,831.9999999999999,bqcp,1611.9999999999998,1611.9999999999998,fast_t0,831.9999999999999,1611.9999999999998,-0.0,0,,,,,,,,,,,,,,,,,,,-0.9375,0,1611.9999999999998,2967.9999999999977,1611.9999999999998,-0.0,0,,,,,,,,,,,,,,,,,,,0,1611.9999999999998,1611.9999999999998
jeff/qpe_3,0.0,1100.0,source,1100.0,1100.0,fast_t0,1100.0,1100.0,-0.0,0,,,,,,,,,,,,,,,,,,,0.0,0,1100.0,1592.0,1100.0,-0.0,0,,,,,,,,,,,,,,,,,,,0,1100.0,1100.0
jeff/qpe_3,200.0,1100.0,source,1100.0,1100.0,fast_t0,1100.0,1100.0,-0.0,0,,,,,,,,,,,,,,,,,,,0.0,0,1100.0,1592.0,1100.0,-0.0,0,,,,,,,,,,,,,,,,,,,0,1100.0,1100.0
jeff/qpe_3,1000.0,1100.0,source,1100.0,1100.0,fast_t0,1100.0,1100.0,-0.0,0,,,,,,,,,,,,,,,,,,,0.0,0,1100.0,1592.0,1100.0,-0.0,0,,,,,,,,,,,,,,,,,,,0,1100.0,1100.0
jeff/qpe_5,0.0,1136.0,bqcp,1640.0,1640.0,fast_t0,1136.0,1640.0,-0.0,0,,,,,,,,,,,,,,,,,,,-0.44366197183098594,0,1640.0,3084.0,1640.0,-0.0,0,,,,,,,,,,,,,,,,,,,0,1640.0,1640.0
jeff/qpe_5,200.0,1136.0,bqcp,1640.0,1640.0,fast_t0,1136.0,1640.0,-0.0,0,,,,,,,,,,,,,,,,,,,-0.44366197183098594,0,1640.0,3084.0,1640.0,-0.0,0,,,,,,,,,,,,,,,,,,,0,1640.0,1640.0
jeff/qpe_5,1000.0,1136.0,bqcp,1640.0,1640.0,fast_t0,1136.0,1640.0,-0.0,0,,,,,,,,,,,,,,,,,,,-0.44366197183098594,0,1640.0,3084.0,1640.0,-0.0,0,,,,,,,,,,,,,,,,,,,0,1640.0,1640.0
jeff/qpe_7,0.0,1136.0,bqcp,2452.0,2452.0,fast_t0,1136.0,2452.0,-0.0,0,,,,,,,,,,,,,,,,,,,-1.158450704225352,0,2452.0,4684.0,2452.0,-0.0,0,,,,,,,,,,,,,,,,,,,0,2452.0,2452.0
jeff/qpe_7,200.0,1136.0,bqcp,2452.0,2452.0,fast_t0,1136.0,2452.0,-0.0,0,,,,,,,,,,,,,,,,,,,-1.158450704225352,0,2452.0,4684.0,2452.0,-0.0,0,,,,,,,,,,,,,,,,,,,0,2452.0,2452.0
jeff/qpe_7,1000.0,1136.0,bqcp,2452.0,2452.0,fast_t0,1136.0,2452.0,-0.0,0,,,,,,,,,,,,,,,,,,,-1.158450704225352,0,2452.0,4684.0,2452.0,-0.0,0,,,,,,,,,,,,,,,,,,,0,2452.0,2452.0
jeff/repeat-until-success_3,0.0,3549.2791748046884,source,3549.2791748046884,3549.2791748046884,fast_t0,3549.2791748046884,3549.2791748046884,-0.0,0,,,,,,,,,,,,,,,,,,,0.0,0,3549.2791748046884,3751.9427490234375,3549.2791748046884,-0.0,0,,,,,,,,,,,,,,,,,,,0,3549.2791748046884,3549.2791748046884
jeff/repeat-until-success_3,200.0,4071.937866210938,source,4071.937866210938,4071.937866210938,fast_t0,4071.937866210938,4071.937866210938,-0.0,0,,,,,,,,,,,,,,,,,,,0.0,0,4071.937866210938,4274.601440429687,4071.937866210938,-0.0,0,,,,,,,,,,,,,,,,,,,0,4071.937866210938,4071.937866210938
jeff/repeat-until-success_3,1000.0,6205.238647460938,source,6205.238647460938,6205.238647460938,fast_t0,6205.238647460938,6205.238647460938,-0.0,0,,,,,,,,,,,,,,,,,,,0.0,0,6205.238647460938,6407.902221679685,6205.238647460938,-0.0,0,,,,,,,,,,,,,,,,,,,0,6205.238647460938,6205.238647460938
jeff/repeat-until-success_5,0.0,4047.938232421875,source,4047.938232421875,4047.938232421875,fast_t0,4047.938232421875,4047.938232421875,-0.0,0,,,,,,,,,,,,,,,,,,,0.0,0,4047.938232421875,4250.601806640623,4047.938232421875,-0.0,0,,,,,,,,,,,,,,,,,,,0,4047.938232421875,4047.938232421875
jeff/repeat-until-success_5,200.0,4570.596923828124,source,4570.596923828124,4570.596923828124,fast_t0,4570.596923828124,4570.596923828124,-0.0,0,,,,,,,,,,,,,,,,,,,0.0,0,4570.596923828124,4773.260498046874,4570.596923828124,-0.0,0,,,,,,,,,,,,,,,,,,,0,4570.596923828124,4570.596923828124
jeff/repeat-until-success_5,1000.0,6703.897705078126,source,6703.897705078126,6703.897705078126,fast_t0,6703.897705078126,6703.897705078126,-0.0,0,,,,,,,,,,,,,,,,,,,0.0,0,6703.897705078126,6906.561279296874,6703.897705078126,-0.0,0,,,,,,,,,,,,,,,,,,,0,6703.897705078126,6703.897705078126
jeff/repeat-until-success_7,0.0,4546.597290039063,source,4546.597290039063,4546.597290039063,fast_t0,4546.597290039063,4546.597290039063,-0.0,0,,,,,,,,,,,,,,,,,,,0.0,0,4546.597290039063,4749.260864257811,4546.597290039063,-0.0,0,,,,,,,,,,,,,,,,,,,0,4546.597290039063,4546.597290039063
jeff/repeat-until-success_7,200.0,5069.255981445313,source,5069.255981445313,5069.255981445313,fast_t0,5069.255981445313,5069.255981445313,-0.0,0,,,,,,,,,,,,,,,,,,,0.0,0,5069.255981445313,5271.919555664062,5069.255981445313,-0.0,0,,,,,,,,,,,,,,,,,,,0,5069.255981445313,5069.255981445313
jeff/repeat-until-success_7,1000.0,7202.5567626953125,source,7202.5567626953125,7202.5567626953125,fast_t0,7202.5567626953125,7202.5567626953125,-0.0,0,,,,,,,,,,,,,,,,,,,0.0,0,7202.5567626953125,7405.220336914061,7202.5567626953125,-0.0,0,,,,,,,,,,,,,,,,,,,0,7202.5567626953125,7202.5567626953125
jeff/teleportation,0.0,1136.0,best_defer,1136.0,2416.0,sink_only,1648.0,2464.0,0.7499999999999999,1,2464.0,0.24999999999999967,3,2464.0,-0.0,4,,,,,,,,,,,,,-1.1267605633802817,2,2448.0,2608.0000000000005,2432.0,0.7499999999999999,1,2432.0,0.24999999999999967,3,2432.0,-0.0,4,,,,,,,,,,,,,2,2416.0,2448.0
jeff/teleportation,200.0,1136.0,best_defer,1136.0,2632.0000000000005,sink_fast_t2,1848.0,2956.0,0.7499999999999999,1,2764.0,0.24999999999999967,3,2664.0000000000005,-0.0,4,,,,,,,,,,,,,-1.3169014084507047,2,2816.0000000000005,2944.0000000000005,2924.0,0.7499999999999999,1,2732.0,0.24999999999999967,3,2632.0000000000005,-0.0,4,,,,,,,,,,,,,2,2784.0000000000005,2816.0000000000005
jeff/teleportation,1000.0,1136.0,best_defer,1136.0,3432.0,sink_fast_t2,2648.0000000000005,4956.0,0.7499999999999999,1,3963.9999999999995,0.24999999999999967,3,3464.0,-0.0,4,,,,,,,,,,,,,-2.0211267605633805,2,4416.0,4544.0,4924.0,0.7499999999999999,1,3931.9999999999995,0.24999999999999967,3,3432.0,-0.0,4,,,,,,,,,,,,,2,4384.0,4416.0
